speed(RPM),x,y,z,torque (lb.in),power (HP),stiches
20,1.004,0.09,-0.125,20,1,200
21,1.004,-0.043,-0.125,30,1,210
22,0.969,0.09,-0.121,57,2,220
23,0.973,-0.012,-0.137,82,4,230
24,1,-0.016,-0.121,105,4,240
25,0.961,0.082,-0.121,126,5,250
26,0.973,-0.055,-0.109,145,3,260
27,1,0.012,-0.133,163,7,270
28,0.969,-0.102,-0.141,180,8,280
29,0.973,-0.059,-0.125,196,9,290
30,1.012,0.043,-0.133,210,10,300
31,0.996,-0.109,-0.148,224,11,310
32,0.988,-0.02,-0.125,236,12,320
33,1.012,0.043,-0.129,248,13,330
34,0.996,-0.09,-0.152,260,14,340
35,0.965,-0.102,-0.117,270,15,350
36,1.004,0.055,-0.121,280,16,360
37,0.988,-0.059,-0.141,290,17,360
38,0.969,-0.086,-0.117,299,18,380
39,1.039,0.094,-0.117,307,19,390
40,0.984,0.113,-0.148,300,20,400
41,1.008,0.012,-0.141,323,21,410
42,0.996,0.035,-0.141,330,22,420
43,0.988,-0.066,-0.125,337,23,430
44,0.965,-0.156,-0.113,344,24,440
45,0.992,0.059,-0.129,350,25,450
46,0.992,-0.031,-0.125,356,26,460
47,0.973,-0.133,-0.148,362,27,470
48,1.031,0.102,-0.145,368,28,480
49,0.984,-0.035,-0.125,373,29,490
50,0.984,-0.004,-0.137,378,30,500
51,1,0.098,-0.125,383,31,510
52,1.031,-0.012,-0.129,388,32,520
53,0.965,-0.148,-0.152,392,33,530
54,1.012,0.102,-0.129,397,34,540
55,1.008,-0.008,-0.133,200,35,550
56,0.965,-0.129,-0.164,405,36,560
57,1.004,0.145,-0.121,409,37,570
58,1.008,0.004,-0.121,413,38,580
59,0.984,0.027,-0.121,417,39,590
60,1.031,0.07,-0.117,420,40,600
61,0.977,-0.051,-0.152,424,41,610
62,0.98,-0.094,-0.117,427,42,620
63,1.02,0.082,-0.125,430,43,630
64,0.98,-0.012,-0.137,433,44,640
65,0.977,-0.09,-0.125,436,45,650
66,1.023,0.109,-0.109,422,46,660
67,0.992,0.008,-0.137,442,47,670
68,1.004,0.004,-0.133,445,48,680
69,0.996,0.078,-0.133,448,49,690
70,1,-0.039,-0.125,450,50,700
71,0.965,0.113,-0.117,453,51,710
72,0.973,-0.027,-0.117,455,52,720
73,1.008,-0.02,-0.121,458,53,730
74,0.965,0.09,-0.121,460,54,740
75,0.957,-0.047,-0.113,462,55,750
76,1.012,-0.004,-0.125,464,56,760
77,0.969,-0.051,-0.133,467,57,770
78,1,0.121,-0.125,469,58,780
79,1.016,0.023,-0.121,471,59,790
80,0.988,-0.121,-0.156,473,60,800
81,0.992,-0.035,-0.137,428,61,810
82,1,0.039,-0.125,477,62,820
83,0.992,-0.094,-0.156,478,63,830
84,0.969,-0.086,-0.129,480,64,840
85,1,0.051,-0.121,482,65,850
86,0.984,0.082,-0.148,484,66,860
87,1.031,0.102,-0.121,485,67,870
88,0.996,0,-0.145,487,68,880
89,0.973,-0.09,-0.125,489,69,890
90,0.961,-0.023,-0.133,490,70,900
91,0.988,0.023,-0.137,492,71,910
92,0.984,-0.082,-0.121,493,72,920
93,0.965,-0.152,-0.148,495,73,930
94,0.992,0.008,-0.129,496,74,940
95,0.996,-0.051,-0.121,498,75,950
96,0.969,-0.141,-0.148,421,76,960
97,0.996,0.094,-0.141,500,77,970
98,1.027,-0.031,-0.133,502,78,980
99,0.977,-0.09,-0.145,503,79,990
100,0.996,0.109,-0.133,504,80,1000
101,1.047,-0.016,-0.113,505,81,1010
102,0.973,-0.133,-0.148,507,82,1020
103,0.988,0.055,-0.129,508,83,1030
104,1.02,0.008,-0.129,509,84,1040
105,1.004,0.148,-0.121,510,85,1050
106,1.023,0.078,-0.121,511,86,1060
107,0.996,-0.031,-0.137,512,87,1070
108,0.973,-0.086,-0.113,514,88,1080
109,1.031,0.082,-0.121,515,89,1110
110,0.984,-0.043,-0.152,516,90,1100
111,0.973,-0.078,-0.125,512,91,1110
112,1.027,0.074,-0.125,518,92,1120
113,0.988,-0.008,-0.141,519,93,1130
114,0.98,-0.094,-0.125,520,94,1140
115,1.027,0.105,-0.121,521,95,1150
116,0.977,0.012,-0.145,522,96,1165
117,1.023,0.09,-0.125,523,97,1170
118,0.969,0.102,-0.105,523,98,1180
119,0.98,-0.02,-0.117,524,99,1190
120,0.984,0.008,-0.125,525,100,1200
121,0.973,-0.043,-0.117,526,101,1210
122,1.004,0,-0.125,527,102,1220
123,0.973,-0.137,-0.156,528,103,1230
124,0.973,-0.039,-0.121,529,104,1240
125,1.016,0.012,-0.133,529,105,1250
126,0.996,-0.125,-0.152,478,106,1260
127,0.961,-0.086,-0.113,531,107,1270
128,1.004,0.035,-0.129,532,108,1280
129,0.98,-0.082,-0.152,533,109,1290
130,0.973,-0.078,-0.121,533,110,1300
131,1.027,0.066,-0.121,534,111,1310
132,0.992,-0.063,-0.145,535,112,1320
133,0.988,-0.051,-0.125,535,113,1330
134,1.023,0.078,-0.125,536,114,1340
135,1.004,0.109,-0.145,537,115,1350
136,1.031,0.117,-0.121,538,116,1360
137,0.992,0.016,-0.137,538,117,1370
138,0.98,-0.059,-0.125,209,118,1380
139,0.973,-0.152,-0.152,540,119,1390
140,1.004,0.074,-0.137,540,120,1400
141,1.012,-0.027,-0.137,541,121,1410
142,0.965,-0.133,-0.148,541,122,1420
143,1.004,0.086,-0.125,542,123,1430
144,1.031,-0.051,-0.133,543,124,1440
145,0.996,-0.031,-0.141,543,125,1450
146,0.996,0.086,-0.129,544,126,1460
147,1.023,-0.02,-0.121,545,127,1470
148,0.957,-0.152,-0.156,545,128,1480
149,1.004,0.063,-0.121,546,129,1490
150,1.023,0.004,-0.133,546,130,1500
151,1,0.141,-0.117,547,131,1510
152,1.012,0.063,-0.125,547,132,1520
153,0.988,-0.059,-0.145,548,133,1530
154,0.977,-0.063,-0.121,548,134,1540
155,1.023,0.074,-0.129,549,135,1550
156,0.988,-0.051,-0.156,528,136,1560
157,0.977,-0.094,-0.109,550,137,1570
158,1.02,0.051,-0.125,550,138,1580
159,0.984,-0.031,-0.148,551,139,1590
160,0.977,-0.109,-0.125,551,140,1600
161,1.031,0.098,-0.129,552,141,1610
162,0.996,-0.004,-0.145,552,142,1620
163,0.98,-0.082,-0.121,553,143,1630
164,1.039,0.117,-0.121,553,144,1640
165,0.973,0.023,-0.137,554,145,1650
166,1.016,0.016,-0.125,554,146,1660
167,0.992,0.09,-0.133,555,147,1670
168,1,-0.023,-0.148,555,148,1680
169,0.957,-0.148,-0.113,556,149,1690
170,0.988,0.043,-0.125,556,150,1700
171,1.004,-0.004,-0.137,512,151,1710
172,0.965,-0.137,-0.109,557,152,1720
173,1.008,0.141,-0.125,557,153,1730
174,1.008,-0.012,-0.121,558,154,1740
175,0.969,-0.121,-0.121,558,155,1750
176,1.008,0.148,-0.121,559,156,1760
177,1.016,0.031,-0.129,559,157,1770
178,1.016,-0.004,-0.129,559,158,1780
179,0.965,-0.07,-0.117,560,159,1790
180,1.02,0.047,-0.125,560,160,1800
181,0.984,0.141,-0.152,561,161,1810
182,1,0.055,-0.125,561,162,1820
183,0.984,-0.008,-0.137,561,163,1830
184,0.984,0.121,-0.117,562,164,1840
185,0.973,-0.137,-0.137,562,165,1850
186,1,-0.008,-0.129,562,166,1860
187,0.98,0.082,-0.125,563,167,1870
188,0.969,-0.129,-0.137,563,168,1880
189,0.988,0.047,-0.137,234,169,1890
190,1.02,-0.043,-0.129,564,170,1900
191,0.969,-0.113,-0.141,564,171,1910
192,1.004,0.063,-0.133,565,172,1920
193,1.035,-0.063,-0.129,565,173,1930
194,0.973,-0.094,-0.141,565,174,1940
195,0.996,0.066,-0.137,566,175,1950
196,1.031,-0.035,-0.133,566,176,1960
197,0.961,-0.156,-0.152,566,177,1970
198,1.004,0.059,-0.133,567,178,1980
199,1.027,0.035,-0.125,567,179,1990
200,1,0.141,-0.125,567,180,2000
201,1.012,0.043,-0.125,243,181,2010
202,0.988,-0.07,-0.148,568,182,2020
203,0.977,-0.063,-0.117,568,183,2030
204,1.016,0.063,-0.125,568,184,2040
205,0.977,-0.09,-0.156,569,185,2050
206,0.977,-0.074,-0.125,569,186,2060
207,1.027,0.059,-0.125,569,187,2070
208,0.98,-0.063,-0.145,570,188,2080
209,0.969,-0.102,-0.121,570,189,2090
210,1.008,0.066,-0.125,570,190,2100
211,0.977,-0.035,-0.145,571,191,2110
212,0.98,-0.09,-0.121,571,192,2120
213,1.039,0.109,-0.117,571,193,2130
214,0.988,-0.004,-0.137,571,194,2140
215,0.98,-0.066,-0.125,572,195,2150
216,1.035,0.098,-0.117,321,196,2160
217,0.973,0.02,-0.141,572,197,2170
218,1.02,0.082,-0.125,572,198,2180
219,0.988,0.078,-0.129,573,199,2190
220,0.996,-0.031,-0.133,573,200,2200
221,0.957,-0.156,-0.117,573,201,2210
222,1.012,0.066,-0.125,573,202,2220
223,1.008,-0.02,-0.129,574,203,2230
224,0.961,-0.133,-0.152,574,204,2240
225,1.004,0.141,-0.129,574,205,2250
226,1,0.016,-0.125,574,206,2260
227,0.988,0.121,-0.156,575,207,2270
228,1.027,0.07,-0.113,123,208,2280
229,0.973,-0.059,-0.156,575,209,2290
230,0.984,0.074,-0.117,575,210,2300
231,0.988,-0.066,-0.137,576,211,2310
232,0.98,-0.031,-0.148,576,212,2320
233,0.965,0.121,-0.098,576,213,2330
234,0.992,-0.063,-0.129,576,214,2340
235,0.992,-0.004,-0.141,577,215,2350
236,0.973,-0.09,-0.121,577,216,2360
237,1.035,0.117,-0.121,577,217,2370
238,1.008,0.004,-0.133,577,218,2380
239,1.035,-0.074,-0.129,578,219,2390
240,0.961,-0.137,-0.148,501,220,2400
241,1,0.043,-0.141,578,221,2410
242,0.965,-0.031,-0.129,578,222,2420
243,0.969,-0.129,-0.152,578,223,2430
244,0.992,0.078,-0.133,579,224,2440
245,1.039,0.082,-0.125,579,225,2450
246,1.012,0.043,-0.133,579,226,2460
247,1,0.016,-0.117,579,227,2470
248,0.953,-0.113,-0.141,579,228,2480
249,0.965,-0.078,-0.125,580,229,2490
250,1.004,-0.008,-0.125,580,230,2500
251,0.977,0.039,-0.117,580,231,2510
252,0.965,-0.086,-0.117,580,232,2520
253,1.02,0.059,-0.117,580,233,2530
254,0.992,-0.02,-0.148,581,234,2540
255,0.965,-0.082,-0.129,581,235,2550
256,1.031,0.066,-0.117,581,236,2560
257,0.984,-0.07,-0.16,581,237,2570
258,0.98,-0.031,-0.125,581,238,2580
259,1.027,0.078,-0.125,582,239,2590
260,0.98,-0.047,-0.145,582,240,2600
261,0.98,-0.09,-0.125,582,241,2610
262,1.02,0.051,-0.125,582,242,2620
263,0.98,-0.016,-0.148,582,243,2630
264,0.965,-0.102,-0.113,583,244,2640
265,1.008,0.098,-0.121,583,245,2650
266,0.98,0.051,-0.145,583,246,2660
267,1.039,0.102,-0.125,583,247,2670
268,1.004,0.094,-0.133,583,248,2680
269,0.992,-0.039,-0.129,583,249,2690
270,0.969,-0.109,-0.148,584,250,2700
271,1,0.109,-0.125,584,251,2710
272,1.008,-0.027,-0.125,584,252,2720
273,0.973,-0.105,-0.141,584,253,2730
274,0.992,0.098,-0.129,584,254,2740
275,1.023,-0.004,-0.125,584,255,2750
276,0.957,-0.141,-0.156,585,256,2760
277,0.992,0.039,-0.125,585,257,2770
278,1.012,0.02,-0.129,585,258,2780
279,1.031,0.133,-0.145,585,259,2790
280,1.008,0.094,-0.125,585,260,2800
281,0.992,0.004,-0.145,585,261,2810
282,1.027,-0.078,-0.133,586,262,2820
283,0.984,-0.094,-0.145,586,263,2830
284,0.988,-0.027,-0.145,586,264,2840
285,1.02,-0.035,-0.109,586,265,2850
286,1.031,0.094,-0.125,586,266,2860
287,0.992,-0.004,-0.141,586,267,2870
288,0.98,-0.094,-0.117,586,268,2887
289,1.031,0.047,-0.133,587,269,2890
290,0.988,0.027,-0.141,587,270,2900
291,1.047,0.102,-0.133,587,271,2910
292,0.996,0.121,-0.129,587,272,2920
293,1.004,-0.004,-0.137,587,273,2930
294,0.973,0.082,-0.125,587,274,2940
295,0.973,-0.063,-0.121,588,275,2950
296,1.012,0.004,-0.133,588,276,2960
297,0.977,-0.082,-0.137,588,277,2970
298,0.973,-0.07,-0.121,588,278,2980
299,1.008,0.031,-0.125,588,279,2990
300,0.988,-0.09,-0.148,588,280,3000
301,0.969,-0.055,-0.125,588,281,3010
302,1.016,0.043,-0.125,589,282,3020
303,0.988,-0.098,-0.156,589,283,3030
304,0.957,-0.043,-0.125,589,284,3040
305,1.031,0.059,-0.125,589,285,3050
306,0.98,-0.066,-0.156,589,286,3060
307,0.977,-0.094,-0.113,589,287,3070
308,1.023,0.012,-0.137,589,288,3080
309,0.984,-0.035,-0.145,589,289,3090
310,0.938,-0.102,-0.105,590,290,3100
311,1.023,0.098,-0.113,590,291,3110
312,0.984,0.039,-0.141,223,292,3120
313,1.027,0.102,-0.117,590,293,3130
314,1.004,0.086,-0.137,590,294,3140
315,0.988,-0.047,-0.121,590,295,3150
316,0.98,-0.082,-0.121,590,296,3160
317,1.004,0.09,-0.133,590,297,3170
318,1,-0.039,-0.129,591,298,3180
319,0.969,-0.125,-0.145,591,299,3190
320,0.996,0.086,-0.141,591,300,3200
321,1.004,-0.008,-0.129,591,301,3210
322,0.957,-0.145,-0.156,591,302,3220
323,1.008,0.059,-0.125,591,303,3230
324,1.012,0.008,-0.121,591,304,3240
325,1.023,0.125,-0.156,591,305,3250
326,1.008,0.082,-0.121,592,306,3260
327,0.973,0.008,-0.117,592,307,3270
328,0.977,-0.082,-0.121,592,308,3280
329,0.984,-0.09,-0.137,592,309,3290
330,0.988,-0.027,-0.145,592,310,3300
331,0.98,-0.035,-0.121,592,311,3310
332,1.035,0.098,-0.125,592,312,3320
333,0.992,-0.008,-0.141,592,313,3330
334,0.984,-0.094,-0.121,593,314,3340
335,1.027,0.066,-0.125,593,315,3350
336,0.992,0.023,-0.145,600,316,3360
337,1.051,-0.078,-0.133,650,317,3370
338,0.977,-0.113,-0.145,593,318,3380
339,0.988,0.043,-0.137,593,319,3390
340,1.031,0.082,-0.125,593,320,3400
341,1,0.137,-0.113,593,321,3410
342,0.977,0.027,-0.137,593,322,3420
343,0.969,-0.105,-0.145,594,323,3430
344,0.969,-0.07,-0.121,594,324,3440
345,1.012,0.023,-0.129,594,325,3450
346,0.961,-0.004,-0.129,594,326,3460
347,0.969,-0.066,-0.125,594,327,3470
348,1.027,0.039,-0.125,594,328,3480
349,0.961,-0.105,-0.148,594,329,3490
350,0.977,-0.031,-0.125,594,330,3500
351,1.023,0.059,-0.113,594,331,3510
352,0.98,-0.078,-0.148,594,332,3520
353,0.98,-0.086,-0.121,595,333,3530
354,1.012,0.055,-0.125,595,334,3540
355,0.988,-0.051,-0.16,595,335,3550
356,0.973,-0.105,-0.121,595,336,3560
357,0.957,0.051,-0.129,595,337,3570
358,0.977,-0.016,-0.141,595,338,3580
359,0.973,-0.098,-0.125,595,339,3590
360,1.039,0.113,-0.113,595,340,3600
361,1.008,0.02,-0.117,595,341,3610
362,1.039,0.098,-0.121,595,342,3620
363,1.004,0.086,-0.125,596,343,3630
364,1.008,-0.047,-0.129,596,344,3640
365,0.969,-0.074,-0.133,596,345,3650
366,0.996,0.102,-0.133,596,346,3660
367,1.008,-0.008,-0.129,596,347,3670
368,0.969,-0.129,-0.145,596,348,3680
369,0.996,0.094,-0.133,596,349,3690
370,1.027,0,-0.129,596,350,3700
371,0.988,0.148,-0.152,596,351,3710
372,1.008,0.063,-0.125,596,352,3720
373,0.977,-0.059,-0.148,596,353,3730
374,0.973,0.145,-0.129,597,354,3740
375,0.984,-0.082,-0.125,630,355,3750
376,0.988,0.012,-0.133,597,356,3760
377,1.039,-0.086,-0.125,597,357,3770
378,0.977,-0.105,-0.141,597,358,3780
379,0.984,-0.012,-0.141,597,359,3790
380,0.984,-0.039,-0.125,597,360,3800
381,1.039,0.098,-0.117,597,361,3810
382,0.984,0.023,-0.145,597,362,3820
383,1.027,-0.066,-0.137,597,363,3830
384,0.98,-0.098,-0.137,597,364,3840
385,0.992,0.043,-0.137,598,365,3850
386,1.035,0.105,-0.121,598,366,3860
387,1.051,0.02,-0.117,598,367,3870
388,0.992,-0.004,-0.117,598,368,3880
389,0.965,0.086,-0.121,598,369,3890
390,0.965,-0.066,-0.129,598,370,3900
391,1,-0.008,-0.137,598,371,3910
392,0.973,0.063,-0.129,598,372,3920
393,0.961,-0.074,-0.117,598,373,3930
394,1.02,0.035,-0.125,598,374,3940
395,0.973,-0.066,-0.156,598,375,3950
396,0.969,-0.078,-0.117,598,376,3960
397,1.023,0.063,-0.125,634,377,3970
398,0.988,-0.051,-0.145,599,378,3980
399,0.98,-0.066,-0.121,599,379,3990
400,0.988,0.063,-0.133,599,380,4000
401,0.988,-0.059,-0.141,599,381,4010
402,0.988,-0.023,-0.121,599,382,4020
403,1.016,0.082,-0.125,599,383,4030
404,0.988,-0.039,-0.145,599,384,4040
405,0.977,-0.094,-0.125,599,385,4050
406,1.016,0.063,-0.121,599,386,4060
407,0.973,0.086,-0.137,599,387,4070
408,1.055,0.125,-0.113,599,388,4080
409,0.996,0.066,-0.133,599,389,4090
410,0.996,-0.035,-0.125,600,390,4100
411,0.965,-0.152,-0.121,600,391,4110
412,0.992,0.109,-0.137,600,392,4120
413,0.984,-0.012,-0.137,600,393,4130
414,0.965,-0.129,-0.148,600,394,4140
415,0.984,0.121,-0.137,600,395,4150
416,0.996,-0.016,-0.121,600,396,4160
417,0.996,-0.055,-0.148,600,397,4170
418,1.008,0.125,-0.133,600,398,4180
419,1.023,0.008,-0.129,600,399,4190
420,0.996,0.141,-0.145,600,400,4200
421,1.027,0.039,-0.125,600,401,4210
422,0.973,-0.074,-0.156,600,402,4220
423,0.973,-0.102,-0.121,600,403,4230
424,0.984,0.055,-0.129,601,404,4240
425,0.98,-0.043,-0.148,601,405,4250
426,0.98,-0.09,-0.117,601,406,4260
427,1.035,0.098,-0.125,601,407,4270
428,0.988,0.008,-0.145,601,408,4280
429,1.027,-0.078,-0.117,601,409,4290
430,0.984,-0.125,-0.152,601,410,4300
431,0.996,0,-0.145,601,411,4310
432,1.027,0.066,-0.125,601,412,4320
433,1,0.082,-0.133,601,413,4330
434,1,-0.043,-0.133,601,414,4340
435,0.977,0.066,-0.125,601,415,4350
436,0.969,-0.008,-0.129,601,416,4360
437,1.004,-0.035,-0.129,601,417,4370
438,0.957,0.102,-0.125,601,418,4380
439,0.984,-0.008,-0.117,602,419,4390
440,1.012,-0.008,-0.125,602,420,4400
441,0.957,0.082,-0.125,602,421,4410
442,0.977,-0.063,-0.117,602,422,4420
443,1.004,0.008,-0.121,602,423,4430
444,0.996,-0.117,-0.16,602,424,4440
445,0.965,-0.09,-0.113,602,425,4450
446,0.969,0.012,-0.117,602,426,4460
447,0.988,-0.094,-0.145,602,427,4470
448,0.965,-0.086,-0.121,602,428,4480
449,1.023,0.051,-0.129,602,429,4490
450,1.004,-0.035,-0.133,602,430,4500
451,0.965,-0.078,-0.125,602,431,4510
452,1.035,0.074,-0.125,602,432,4520
453,0.977,0.109,-0.141,602,433,4530
454,1.035,0.078,-0.129,602,434,4540
455,0.984,0.02,-0.141,603,435,4550
456,0.988,-0.082,-0.125,603,436,4560
457,0.984,-0.055,-0.125,603,437,4570
458,0.988,0.039,-0.141,603,438,4580
459,1.043,-0.078,-0.164,603,439,4590
460,0.965,-0.137,-0.148,603,440,4600
461,1,0.039,-0.137,603,441,4610
462,0.984,-0.047,-0.125,603,442,4620
463,0.957,-0.164,-0.148,603,443,4630
464,0.996,0.066,-0.133,603,444,4640
465,1.023,-0.031,-0.125,603,445,4650
466,0.953,-0.148,-0.152,603,446,4660
467,1,0.125,-0.129,603,447,4670
468,0.965,-0.012,-0.141,603,448,4680
469,0.965,-0.133,-0.156,603,449,4690
470,0.992,0.141,-0.125,603,450,4700
471,1.016,0.008,-0.129,603,451,4710
472,0.992,0.082,-0.113,604,452,4720
473,1.012,0.063,-0.125,604,453,4730
474,0.98,-0.086,-0.148,604,454,4740
475,0.98,-0.07,-0.117,604,455,4750
476,1.023,0.063,-0.129,604,456,4760
477,0.977,-0.047,-0.156,604,457,4770
478,0.98,-0.105,-0.125,604,458,4780
479,1.016,0.016,-0.133,604,459,4790
480,0.988,-0.023,-0.152,604,460,4800
481,0.977,-0.102,-0.125,604,461,4810
482,1.039,0.098,-0.125,604,462,4820
483,0.977,-0.004,-0.145,604,463,4830
484,0.984,-0.078,-0.117,604,464,4840
485,1.047,0.109,-0.121,604,465,4850
486,0.992,0.012,-0.129,604,466,4860
487,1.027,0.086,-0.117,604,467,4870
488,0.984,0.109,-0.113,604,468,4880
489,0.992,-0.027,-0.117,604,469,4890
490,0.969,-0.051,-0.121,605,470,4900
491,1,0.113,-0.129,605,471,4910
492,0.996,-0.008,-0.125,605,472,4920
493,0.973,-0.125,-0.121,605,473,4930
494,1.008,0.102,-0.129,605,474,4940
495,1.008,0,-0.121,605,475,4950
496,0.996,-0.137,-0.16,605,476,4960
497,1.016,-0.031,-0.133,605,477,4970
498,1.016,0.031,-0.125,605,478,4980
499,0.984,0.148,-0.156,605,479,4990
500,1.031,0.094,-0.121,605,480,5000
501,0.98,-0.012,-0.129,605,481,5010
502,0.98,0.117,-0.117,605,482,5020
503,0.977,-0.117,-0.125,605,483,5030
504,1,-0.008,-0.141,605,484,5040
505,0.984,0.094,-0.125,605,485,5050
506,0.977,-0.129,-0.145,605,486,5060
507,1.004,0.027,-0.141,605,487,5070
508,0.996,-0.027,-0.125,605,488,5080
509,0.969,-0.133,-0.137,605,489,5090
510,1,0.055,-0.145,606,490,5100
511,1.039,-0.059,-0.121,606,491,5110
512,0.98,-0.105,-0.145,606,492,5120
513,0.988,0.078,-0.133,606,493,5130
514,1.039,-0.043,-0.129,606,494,5140
515,0.98,-0.023,-0.133,606,495,5150
516,0.988,0.094,-0.125,606,496,5160
517,1.047,-0.039,-0.102,606,497,5170
518,0.965,-0.133,-0.156,606,498,5180
519,0.98,0.078,-0.125,606,499,5190
520,1,0.043,-0.105,606,500,5200
521,1.004,0.156,-0.113,606,501,5210
522,1.008,0.047,-0.121,606,502,5220
523,0.977,-0.074,-0.16,606,503,5230
524,0.965,-0.09,-0.121,606,504,5240
525,1.047,0.078,-0.121,606,505,5250
526,0.984,-0.004,-0.145,606,506,5260
527,0.965,-0.082,-0.117,606,507,5270
528,1.035,0.102,-0.117,606,508,5280
529,0.984,-0.023,-0.141,606,509,5290
530,0.98,-0.059,-0.117,606,510,5300
531,1.039,0.113,-0.117,607,511,5310
532,0.984,-0.012,-0.137,607,512,5320
533,1.023,-0.027,-0.141,607,513,5330
534,1.027,0.109,-0.121,607,514,5340
535,0.969,0.02,-0.137,607,515,5350
536,1.039,0.117,-0.121,607,516,5362
537,1.008,0.059,-0.133,607,517,5370
538,1,-0.031,-0.129,607,518,5380
539,0.957,-0.16,-0.125,607,519,5390
540,1,0.066,-0.125,607,520,5400
541,1.008,-0.008,-0.125,607,521,5410
542,0.961,-0.145,-0.129,607,522,5420
543,0.996,0.145,-0.125,607,523,5430
544,1.012,0,-0.121,607,524,5440
545,0.988,0.133,-0.145,607,525,5450
546,1.035,0.07,-0.141,607,526,5460
547,0.984,-0.035,-0.148,607,527,5470
548,0.98,0.113,-0.125,607,528,5480
549,0.98,-0.082,-0.117,607,529,5490
550,0.988,-0.035,-0.145,607,530,5500
551,0.992,0.031,-0.137,607,531,5510
552,0.973,-0.098,-0.152,607,532,5520
553,0.992,-0.012,-0.148,607,533,5530
554,0.977,-0.09,-0.109,607,534,5540
555,1.039,0.074,-0.121,608,535,5550
556,0.988,0.012,-0.141,608,536,5560
557,1.051,-0.094,-0.125,608,537,5570
558,0.996,-0.051,-0.133,608,538,5580
559,0.984,0.035,-0.137,608,539,5590
560,1.098,-0.063,-0.156,608,540,5600
561,0.969,-0.148,-0.137,608,541,5610
562,1,0.043,-0.141,608,542,5620
563,1.023,-0.047,-0.125,608,543,5630
564,0.957,-0.156,-0.152,608,544,5640
565,1.004,0.035,-0.125,608,545,5650
566,1.035,0.066,-0.125,608,546,5660
567,1.008,0.152,-0.121,608,547,5670
568,1.027,0.031,-0.121,608,548,5680
569,0.977,-0.031,-0.152,608,549,5690
570,0.961,-0.074,-0.113,608,550,5700
571,1.031,0.051,-0.129,608,551,5710
572,0.977,-0.07,-0.141,608,552,5720
573,0.977,-0.066,-0.109,608,553,5730
574,1.059,0.047,-0.137,608,554,5740
575,0.988,-0.055,-0.148,608,555,5750
576,1,-0.027,-0.125,608,556,5760
577,1.016,0.082,-0.125,608,557,5770
578,0.984,-0.043,-0.156,608,558,5780
579,0.969,-0.09,-0.125,608,559,5790
580,1.023,0.07,-0.121,609,560,5800
581,0.977,-0.027,-0.145,609,561,5810
582,0.98,-0.098,-0.129,609,562,5820
583,1.023,0.016,-0.137,609,563,5830
584,0.965,0.066,-0.145,609,564,5840
585,1.055,0.117,-0.121,609,565,5850
586,0.992,0.098,-0.125,609,566,5860
587,0.992,-0.023,-0.129,609,567,5870
588,0.961,-0.133,-0.121,609,568,5880
589,0.996,0.102,-0.125,609,569,5890
590,0.961,0.008,-0.121,609,570,5900
591,0.996,0.121,-0.152,609,571,5910
592,1.016,0.047,-0.125,609,572,5920
593,0.969,-0.105,-0.156,609,573,5930
594,0.973,0.078,-0.133,609,574,5940
595,0.996,-0.043,-0.109,609,575,5950
596,0.969,-0.082,-0.152,609,576,5960
597,0.98,0.102,-0.121,609,577,5970
598,1,-0.055,-0.141,609,578,5980
599,0.98,-0.059,-0.152,609,579,5990
600,0.977,-0.094,-0.109,609,580,6000
601,1.016,0.02,-0.129,609,581,6010
602,0.977,-0.027,-0.148,609,582,6020
603,0.969,-0.098,-0.105,609,583,6030
604,1.02,0.082,-0.129,609,584,6040
605,0.98,-0.008,-0.145,609,585,6050
606,0.98,-0.09,-0.117,609,586,6060
607,1.035,0.121,-0.113,609,587,6070
608,0.996,0.02,-0.129,610,588,6080
609,1.043,-0.074,-0.125,610,589,6090
610,0.965,-0.148,-0.152,610,590,6100
611,0.992,0.027,-0.133,610,591,6110
612,1.039,0.074,-0.121,610,592,6120
613,1.004,0.113,-0.125,610,593,6130
614,1.012,-0.012,-0.125,610,594,6140
615,0.969,0.004,-0.129,610,595,6150
616,0.969,-0.043,-0.117,610,596,6160
617,0.996,0.008,-0.117,610,597,6170
618,0.969,-0.125,-0.156,610,598,6180
619,0.973,-0.035,-0.125,610,599,6190
620,1.012,0.023,-0.129,610,600,6200
621,0.996,-0.133,-0.16,610,601,6210
622,0.98,-0.035,-0.129,610,602,6220
623,1.023,0.031,-0.117,610,603,6230
624,0.988,-0.121,-0.152,610,604,6240
625,0.965,-0.086,-0.117,610,605,6250
626,1.02,0.035,-0.129,610,606,6260
627,0.973,-0.09,-0.152,610,607,6270
628,0.969,-0.09,-0.113,610,608,6280
629,0.98,0.023,-0.133,610,609,6290
630,0.973,0.102,-0.152,610,610,6300
631,1.07,0.117,-0.152,610,611,6312
632,0.988,0.023,-0.141,610,612,6320
633,0.992,-0.035,-0.121,610,613,6330
634,0.973,-0.133,-0.121,610,614,6340
635,1.004,0.059,-0.141,610,615,6350
636,0.984,-0.035,-0.133,610,616,6360
637,0.969,-0.129,-0.152,610,617,6370
638,1.004,0.078,-0.141,610,618,6380
639,0.996,-0.055,-0.125,611,619,6390
640,0.988,-0.086,-0.137,611,620,6400
641,1,0.098,-0.129,611,621,6410
642,1.035,-0.027,-0.129,611,622,6420
643,0.98,-0.09,-0.141,611,623,6430
644,1.004,0.113,-0.133,611,624,6440
645,1.016,-0.023,-0.152,611,625,6450
646,0.969,-0.121,-0.152,611,626,6460
647,1.016,0.082,-0.125,611,627,6470
648,1.004,0.02,-0.125,611,628,6480
649,1,0.156,-0.121,611,629,6490
650,1.012,0.07,-0.121,611,630,6500
651,0.984,-0.043,-0.141,611,631,6510
652,0.973,-0.094,-0.121,611,632,6520
653,1.047,0.094,-0.121,611,633,6530
654,0.98,-0.004,-0.133,611,634,6540
655,0.977,-0.078,-0.109,611,635,6550
656,1.051,0.113,-0.121,611,636,6560
657,0.988,0.012,-0.133,611,637,6570
658,1.031,0.082,-0.121,611,638,6580
659,1.012,0.078,-0.148,611,639,6590
660,0.98,-0.035,-0.117,611,640,6600
661,0.992,0.016,-0.117,611,641,6610
662,0.977,-0.035,-0.129,611,642,6620
663,1.008,-0.02,-0.125,611,643,6630
664,0.969,0.082,-0.125,611,644,6640
665,0.961,-0.031,-0.117,611,645,6650
666,1.02,0.008,-0.125,611,646,6660
667,0.957,-0.141,-0.152,611,647,6670
668,0.98,-0.023,-0.113,611,648,6680
669,1.016,0.027,-0.125,611,649,6690
670,0.98,-0.125,-0.164,611,650,6700
671,0.977,-0.07,-0.117,611,651,6710
672,1.012,0.027,-0.121,611,652,6720
673,0.992,-0.105,-0.16,612,653,6730
674,0.965,-0.094,-0.125,612,654,6740
675,1,0.008,-0.129,612,655,6750
676,0.992,-0.055,-0.145,612,656,6760
677,0.973,-0.105,-0.133,612,657,6770
678,1.016,0.078,-0.125,612,658,6780
679,0.977,0.09,-0.145,612,659,6790
680,1.047,0.113,-0.113,612,660,6800
681,0.996,0.039,-0.137,612,661,6810
682,1.027,-0.027,-0.148,612,662,6820
683,0.969,-0.133,-0.152,612,663,6830
684,0.992,0.059,-0.137,612,664,6840
685,1,-0.047,-0.121,612,665,6850
686,0.977,-0.109,-0.148,612,666,6860
687,1.012,0.09,-0.145,612,667,6870
688,1.027,-0.063,-0.117,612,668,6880
689,0.977,-0.023,-0.145,612,669,6890
690,1.004,0.094,-0.133,612,670,6900
691,1.027,-0.023,-0.125,612,671,6910
692,0.969,-0.133,-0.141,612,672,6920
693,1,0.098,-0.133,612,673,6930
694,1.02,-0.023,-0.125,612,674,6940
695,0.949,-0.152,-0.156,612,675,6950
696,1,0.07,-0.125,612,676,6960
697,1.023,0.02,-0.121,612,677,6970
698,0.988,0.152,-0.121,612,678,6980
699,1.027,0.063,-0.125,612,679,6990
700,0.98,-0.047,-0.145,612,680,7000
701,0.98,-0.094,-0.117,612,681,7010
702,1.016,0.074,-0.121,612,682,7020
703,0.984,0.012,-0.129,612,683,7030
704,1.031,0.098,-0.129,612,684,7040
705,1,0.039,-0.141,612,685,7050
706,0.984,-0.078,-0.121,612,686,7064
707,0.969,0.074,-0.121,612,687,7070
708,0.957,0.016,-0.129,612,688,7080
709,1.039,0.102,-0.125,612,689,7090
710,1.023,0.027,-0.113,612,690,7100
711,1.023,0.008,-0.125,613,691,7110
712,0.988,0.152,-0.16,613,692,7120
713,1.031,0.066,-0.133,613,693,7130
714,0.977,-0.035,-0.137,613,694,7140
715,0.977,0.137,-0.121,613,695,7150
716,0.984,-0.098,-0.133,613,696,7160
717,0.996,-0.043,-0.125,613,697,7170
718,0.977,-0.082,-0.109,613,698,7180
719,1.031,0.098,-0.125,613,699,7190
720,0.996,-0.023,-0.148,613,700,7200
721,0.984,-0.055,-0.117,613,701,7210
722,1.043,0.102,-0.125,613,702,7220
723,0.988,-0.004,-0.141,613,703,7230
724,0.949,-0.02,-0.125,613,704,7240
725,1.039,0.098,-0.113,613,705,7250
726,0.984,0.027,-0.141,613,706,7260
727,1.039,0.102,-0.121,613,707,7270
728,0.984,0.047,-0.125,613,708,7280
729,0.992,-0.023,-0.133,613,709,7290
730,0.969,0.113,-0.113,613,710,7300
731,0.973,-0.023,-0.113,613,711,7310
732,1.004,-0.008,-0.129,613,712,7320
733,0.957,0.09,-0.113,613,713,7330
734,0.969,-0.063,-0.125,613,714,7340
735,1,-0.004,-0.125,613,715,7350
736,0.957,-0.125,-0.121,613,716,7360
737,0.996,0.152,-0.125,613,717,7370
738,0.977,0.031,-0.129,613,718,7380
739,0.977,-0.113,-0.145,613,719,7394
740,0.965,-0.078,-0.125,613,720,7400
741,1.023,0.039,-0.129,613,721,7410
742,0.98,-0.066,-0.152,613,722,7420
743,0.98,-0.082,-0.125,613,723,7430
744,1.016,0.063,-0.121,613,724,7440
745,1.039,0.012,-0.125,613,725,7450
746,1.023,0.082,-0.121,613,726,7460
747,0.996,-0.008,-0.141,613,727,7470
748,0.977,0.113,-0.125,613,728,7480
749,0.98,-0.078,-0.121,613,729,7490
750,0.992,0.02,-0.137,613,730,7500
751,0.988,-0.086,-0.125,613,731,7510
752,0.992,-0.027,-0.152,613,732,7520
753,0.984,0.035,-0.141,614,733,7530
754,0.992,-0.07,-0.121,614,734,7540
755,0.957,-0.145,-0.156,614,735,7550
756,0.988,0.043,-0.133,614,736,7560
757,1.031,-0.055,-0.133,614,737,7570
758,0.957,-0.141,-0.141,614,738,7580
759,0.969,0.051,-0.117,614,739,7590
760,1.02,-0.035,-0.125,614,740,7600
761,0.961,-0.156,-0.145,614,741,7610
762,1.008,0.09,-0.129,614,742,7620
763,1.02,-0.023,-0.121,614,743,7630
764,0.949,-0.145,-0.16,614,744,7640
765,1.004,0.133,-0.137,614,745,7650
766,0.996,-0.004,-0.133,614,746,7660
767,0.965,-0.129,-0.152,614,747,7670
768,0.996,0.148,-0.129,614,748,7680
769,1.016,0.004,-0.125,614,749,7698
770,0.984,0.113,-0.125,614,750,7700
771,1.023,0.078,-0.125,806,751,7710
772,0.973,-0.07,-0.137,614,752,7720
773,0.996,-0.02,-0.137,614,753,7730
774,1.023,0.09,-0.141,614,754,7740
775,0.965,-0.035,-0.152,614,755,7750
776,0.973,-0.094,-0.125,614,756,7760
777,1.047,0.074,-0.129,614,757,7770
778,0.988,-0.031,-0.148,614,758,7780
779,0.973,-0.094,-0.121,614,759,7790
780,1.004,0.023,-0.109,614,760,7800
781,0.953,0.004,-0.148,614,761,7810
782,1.066,0.109,-0.121,614,762,7820
783,0.98,0.086,-0.133,614,763,7830
784,1.016,-0.016,-0.129,614,764,7840
785,0.988,-0.16,-0.145,614,765,7850
786,1.027,0.121,-0.121,614,766,7860
787,1.023,-0.012,-0.137,614,767,7870
788,0.98,-0.125,-0.125,614,768,7880
789,0.992,0.129,-0.125,614,769,7890
790,1.008,0.008,-0.125,614,770,7900
791,0.992,0.121,-0.156,614,771,7910
792,1.035,0.055,-0.113,614,772,7920
793,0.984,-0.09,-0.156,614,773,7930
794,1,0.082,-0.133,614,774,7940
795,0.984,-0.07,-0.113,614,775,7950
796,0.984,-0.059,-0.152,614,776,7960
797,0.98,0.09,-0.125,614,777,7970
798,0.992,-0.07,-0.129,640,778,7980
799,0.934,-0.023,-0.125,614,779,7990
800,0.973,-0.105,-0.117,614,780,8000
801,1.008,0.047,-0.129,615,781,8010
802,0.988,-0.016,-0.145,615,782,8020
803,0.965,-0.102,-0.117,615,783,8030
804,1.004,0.074,-0.125,615,784,8040
805,0.992,-0.004,-0.141,615,785,8050
806,0.961,-0.102,-0.109,615,786,8060
807,1.051,0.113,-0.117,615,787,8070
808,0.973,0.012,-0.133,615,788,8080
809,1.008,-0.07,-0.117,615,789,8090
810,0.977,-0.164,-0.16,615,790,8100
811,1.023,0.016,-0.125,615,791,8110
812,1.035,0.082,-0.109,615,792,8120
813,1.043,0.125,-0.16,650,793,8130
814,1,-0.02,-0.129,615,794,8140
815,0.988,0.043,-0.133,615,795,8150
816,0.977,-0.059,-0.121,615,796,8160
817,1.008,0.008,-0.125,615,797,8170
818,1.004,-0.047,-0.129,615,798,8180
819,0.961,-0.055,-0.121,615,799,8190
820,1.027,0.02,-0.121,615,800,8200
821,0.984,-0.121,-0.156,615,801,8210
822,0.973,-0.039,-0.117,615,802,8220
823,1.02,0.047,-0.129,615,803,8230
824,0.977,-0.109,-0.156,615,804,8240
825,1.031,-0.035,-0.137,615,805,8250
826,1.008,0.055,-0.121,615,806,8260
827,0.992,-0.074,-0.172,615,807,8270
828,0.973,-0.082,-0.121,650,808,8280
829,1.02,0.055,-0.125,615,809,8290
830,0.984,0.109,-0.145,615,810,8300
831,1.039,0.117,-0.117,615,811,8310
832,0.961,0.035,-0.129,615,812,8326
833,0.98,-0.074,-0.121,615,813,8330
834,0.965,-0.156,-0.117,615,814,8340
835,0.992,0.039,-0.133,615,815,8350
836,0.992,-0.051,-0.121,615,816,8360
837,0.969,-0.152,-0.148,615,817,8370
838,0.992,0.082,-0.133,615,818,8380
839,0.996,-0.023,-0.125,615,819,8390
840,0.969,-0.129,-0.148,615,820,8400
841,0.988,0.098,-0.129,615,821,8410
842,1.023,-0.008,-0.137,615,822,8420
843,0.969,-0.113,-0.145,615,823,8430
844,1.008,0.121,-0.133,615,824,8440
845,1.023,-0.016,-0.125,615,825,8450
846,0.965,-0.074,-0.137,650,826,8460
847,1.008,0.125,-0.129,615,827,8470
848,1.016,0.008,-0.125,615,828,8480
849,0.984,0.082,-0.117,615,829,8490
850,1.023,0.063,-0.125,615,830,8500
851,0.977,-0.07,-0.16,615,831,8510
852,0.973,-0.094,-0.109,615,832,8520
853,1.012,0.043,-0.133,615,833,8530
854,0.98,-0.031,-0.145,615,834,8540
855,0.973,-0.09,-0.121,616,835,8550
856,0.992,0.035,-0.121,616,836,8560
857,0.988,-0.008,-0.148,616,837,8570
858,0.977,-0.105,-0.121,616,838,8580
859,1.039,0.105,-0.117,616,839,8590
860,0.973,0.008,-0.141,616,840,8600
861,1.039,0.105,-0.125,616,841,8610
862,1,0.102,-0.133,616,842,8620
863,0.98,-0.012,-0.117,616,843,8630
864,0.965,0.086,-0.113,650,844,8640
865,0.961,-0.023,-0.117,616,845,8650
866,1.004,-0.016,-0.125,616,846,8660
867,0.973,-0.094,-0.121,616,847,8670
868,1.004,0.117,-0.133,616,848,8680
869,0.996,0.004,-0.125,616,849,8690
870,1.016,-0.008,-0.125,616,850,8700
871,0.977,-0.059,-0.121,616,851,8711
872,1.008,0.027,-0.117,616,852,8720
873,1,-0.109,-0.152,616,853,8730
874,0.965,-0.059,-0.109,616,854,8740
875,1.027,0.035,-0.121,616,855,8750
876,0.984,0.148,-0.145,616,856,8760
877,1.016,0.016,-0.129,616,857,8770
878,0.984,-0.035,-0.145,616,858,8780
879,0.977,0.137,-0.113,616,859,8790
880,0.98,-0.105,-0.129,616,860,8800
881,0.988,0,-0.145,616,861,8810
882,0.988,-0.078,-0.152,616,862,8820
883,0.973,-0.121,-0.133,616,863,8830
884,0.969,0.012,-0.129,616,864,8840
885,0.977,-0.078,-0.121,680,865,8850
886,0.953,-0.137,-0.168,616,866,8860
887,1.02,0.008,-0.137,616,867,8870
888,1.047,-0.07,-0.121,616,868,8880
889,0.953,-0.148,-0.148,616,869,8890
890,0.996,0.055,-0.133,616,870,8900
891,1.031,-0.031,-0.121,616,871,8910
892,0.973,-0.148,-0.145,616,872,8920
893,0.992,0.086,-0.141,616,873,8930
894,1.004,0.031,-0.137,616,874,8940
895,0.996,0.117,-0.125,616,875,8950
896,1.031,0.027,-0.152,616,876,8960
897,0.973,-0.117,-0.145,616,877,8970
898,0.988,-0.039,-0.125,616,878,8980
899,1.008,0.039,-0.125,616,879,8990
900,0.965,-0.117,-0.152,616,880,9000
901,0.98,-0.039,-0.125,616,881,9010
902,1.02,0.039,-0.121,616,882,9020
903,0.977,-0.109,-0.148,616,883,9030
904,0.969,-0.074,-0.129,616,884,9048
905,1.016,0.051,-0.125,616,885,9050
906,0.973,-0.074,-0.152,616,886,9060
907,0.969,-0.09,-0.117,616,887,9070
908,1.016,0.02,-0.133,616,888,9080
909,0.984,-0.043,-0.148,616,889,9090
910,0.969,-0.102,-0.121,616,890,9100
911,1.02,0.074,-0.125,680,891,9110
912,0.988,-0.012,-0.148,616,892,9120
913,0.98,-0.098,-0.125,616,893,9130
914,1.035,0.113,-0.125,616,894,9140
915,0.992,0.047,-0.133,616,895,9150
916,1.043,0.098,-0.117,616,896,9160
917,1,0.09,-0.133,617,897,9170
918,0.988,-0.02,-0.125,617,898,9180
919,0.973,-0.133,-0.152,617,899,9190
920,0.988,0.105,-0.141,617,900,9200
921,1.004,-0.031,-0.117,617,901,9210
922,0.977,-0.082,-0.141,617,902,9220
923,0.996,0.109,-0.125,617,903,9230
924,1.027,-0.004,-0.125,617,904,9240
925,0.977,-0.012,-0.137,617,905,9253
926,1,0.113,-0.117,643,906,9260
927,1.02,0.004,-0.121,617,907,9270
928,1.004,0.148,-0.148,617,908,9280
929,1.012,0.035,-0.125,617,909,9290
930,0.977,-0.074,-0.148,617,910,9300
931,0.969,-0.098,-0.117,617,911,9310
932,1.008,0.012,-0.117,617,912,9320
933,0.984,-0.051,-0.145,617,913,9330
934,0.969,-0.09,-0.113,617,914,9340
935,1.031,0.09,-0.129,617,915,9350
936,0.98,-0.016,-0.148,617,916,9360
937,0.984,-0.082,-0.133,617,917,9370
938,1.02,0.117,-0.113,617,918,9380
939,0.996,0.016,-0.141,617,919,9390
940,1.039,0.098,-0.121,617,920,9400
941,1,0.094,-0.137,667,921,9410
942,0.996,-0.035,-0.121,617,922,9420
943,0.969,0.09,-0.133,617,923,9430
944,0.957,-0.016,-0.125,617,924,9440
945,1.012,-0.035,-0.129,617,925,9450
946,0.973,0.02,-0.113,617,926,9460
947,0.953,-0.027,-0.113,617,927,9470
948,1.008,0,-0.125,617,928,9480
949,0.973,-0.098,-0.145,617,929,9490
950,0.969,-0.043,-0.105,617,930,9500
951,1.059,-0.008,-0.148,617,931,9510
952,0.965,-0.109,-0.121,617,932,9520
953,1.004,0.09,-0.133,617,933,9530
954,1.004,0.027,-0.121,617,934,9540
955,1,-0.125,-0.156,617,935,9550
956,0.977,-0.031,-0.125,617,936,9560
957,1.023,0.043,-0.117,617,937,9570
958,0.984,-0.109,-0.16,617,938,9588
959,0.965,-0.078,-0.121,617,939,9590
960,1.027,0.047,-0.125,617,940,9600
961,0.977,0.125,-0.141,617,941,9610
962,1.051,0.113,-0.117,617,942,9620
963,0.977,0.031,-0.133,617,943,9630
964,0.984,-0.074,-0.117,617,944,9640
965,0.977,-0.129,-0.137,617,945,9650
966,1,0.031,-0.137,617,946,9660
967,0.984,-0.059,-0.121,617,947,9670
968,0.969,-0.137,-0.148,617,948,9680
969,1.004,0.063,-0.145,617,949,9690
970,1.02,-0.027,-0.121,617,950,9700
971,0.961,-0.137,-0.16,689,951,9710
972,0.996,0.09,-0.133,617,952,9720
973,1.023,-0.02,-0.129,617,953,9730
974,0.973,-0.133,-0.156,617,954,9740
975,0.992,0.105,-0.129,617,955,9750
976,1.031,-0.031,-0.121,617,956,9760
977,0.984,-0.082,-0.145,617,957,9770
978,1,0.113,-0.125,617,958,9780
979,1.02,0.055,-0.125,617,959,9793
980,1.031,0.023,-0.113,617,960,9800
981,1.02,0.055,-0.125,617,961,9810
982,0.977,-0.086,-0.152,617,962,9820
983,0.973,-0.094,-0.121,617,963,9830
984,1.016,0.043,-0.121,617,964,9840
985,0.973,-0.066,-0.145,617,965,9850
986,0.965,-0.098,-0.121,617,966,9860
987,1.039,0.012,-0.137,617,967,9870
988,0.988,-0.039,-0.145,617,968,9880
989,0.977,-0.09,-0.121,618,969,9890
990,1.031,0.09,-0.125,618,970,9900
991,0.973,-0.008,-0.141,618,971,9910
992,1.012,-0.09,-0.133,618,972,9920
993,1.027,0.113,-0.113,618,973,9930
994,1,0.02,-0.129,618,974,9940
995,1.035,0.098,-0.121,618,975,9950
996,1.004,0.105,-0.133,618,976,9960
997,0.996,-0.023,-0.129,618,977,9970
998,0.965,-0.125,-0.129,618,978,9980
999,1.004,0.117,-0.125,618,979,9990
1000,1.02,-0.012,-0.129,618,980,10000
1001,0.973,-0.07,-0.133,618,981,10010
1002,0.984,0.125,-0.129,618,982,10020
1003,1.023,0.012,-0.129,618,983,10030
1004,0.996,-0.063,-0.141,689,984,10040
1005,0.965,-0.055,-0.109,618,985,10050
1006,0.996,0.031,-0.125,618,986,10060
1007,1,0.141,-0.145,618,987,10070
1008,1.008,0.047,-0.121,618,988,10080
1009,0.984,-0.039,-0.141,618,989,10098
1010,0.973,0.137,-0.113,618,990,10100
1011,0.996,-0.039,-0.137,618,991,10110
1012,0.988,-0.023,-0.145,618,992,10120
1013,0.977,0.137,-0.117,618,993,10130
1014,0.965,-0.129,-0.148,618,994,10140
1015,0.992,0,-0.145,618,995,10150
1016,1.047,-0.07,-0.121,618,996,10167
1017,0.973,-0.148,-0.152,618,997,10170
1018,0.984,0.031,-0.141,618,998,10180
20,1.031,-0.063,-0.117,618,999,200
